"id","user_id","user_name","password","date"
"1","0","Pradeep45","Yuskahd","2023-09-14 01:25:05"
"2","0","Pradeep4534","auidyhf","2023-09-14 01:25:21"
"3","0","honey654","89abf","2023-09-14 01:28:15"
"4","5867798599581406","honey654agjh","9o8ljk,ba","2023-09-14 01:30:23"
"5","0","uisd45","iuoqw98","2023-09-14 01:32:08"
"6","100114784608","Pradeep23","huia9;s0","2023-09-14 01:33:52"
"7","5109064359394884","liuf9892","Pradeh,b","2023-09-14 01:34:48"
"8","9877357869","Pradeep45","bjlgkjnmf","2023-09-14 01:44:53"
"9","5107586246080","honey65","ui7384","2023-09-14 01:57:27"
"10","86646","jkajds","HASBda","2023-09-14 14:28:05"
